Coco Jambo,
Team Lohja,
Beast Mode,
Throwi-reissu,
It's BOOM, bitch!,
Kaljaveikot 2.0,
ICT Chads,
Elias Korhonen,
HomePong,
R√§yh√§Riha,
Chinski ja finski,
Lynihutsut,
Pelimiehet,
PeTe,
Saarland International,
Fresh princes of turku,
Jesse Komppa,
EasyMoney,
Explosive Assholes,
AC Mattila,
AA-kerho,
Dynamic Duo,
Tuhkamunat,
Team Tukkimiehet,
The drunk embassy,
Dreamteam,
Paavo,
Team Bastu,
Smoking hot,
Dysfunctional Hands,
Grand Banks,
Pesukarhut,
Gambiina,
Pongstat,
Star Frame,
fc vki,
Veli Auta!,
Team bdbpp,
Samat naamat aina naamat,
Siima Has Been Given,
bepgang,
Enricos Los Avioricos,
A&A-kerho,
Here for the beer,
GSU |¬†Darras Taas,
Stay Hydrated,
Voittajan ev√§√§t,
Kakilegendat,
VeTo-p√§iv√§,
Beerpong gunners,
Team maksuh√§iri√∂,
Kalakukot,
popcornosasto,
Testothene,
Easy Money,
Beer babesüíñ,
Soturit,
Nahkaparonit,
Kava,
Kassipojad,
Los Papa Frita Cucos,
Wolfpack,
MissedMissile,
Sale inSane,
Eichh√∂rnchen's biffleurs,
PahkaSiat,
Beer Pong Artists,
Hyvii √§ijii,
OG-P√∂ll√∂tin,
FC Ylikerroin,
Diamond Hands KY,
Healer Heroes,
Brakettiryhm√§,
Still mad,
Made in Otaniemi,
Torpiilo,
PixelPong,
Passione,
R√§√§hk√§t,
Trico,
Team Kant,
Team Vesiselv√§,
Sirkus37,
Asser Junnila,
Ai vittu se on iso!,
Pojkarnarnar,
Fibeli,
Raisionkaari,
Snipergang,
Pokemonit,
Ligma ballz,
suuhengitt√§j√§t,
Black Bulls,
Beer Hunters,
